HoV,TZ_Flow,MIXP,AMBP,AMBT,R610_HS1,R611_HS1,R612_HS1,R613_HS1,R600_HD
FDDN_ASD0,720.292743008556,1800,102926,297.15,131,136,120,120,146
FDDN_ASD1,871.40300028752,2600,102426,299.15,131,136,120,120,146
FDDN_ASD2,985.488428979959,3400,103127,294.15,131,136,120,120,146
FDDN_ASD3,722.824643090739,1800,101825,295.15,131,136,120,120,146
FDDN_ASD4,875.039489282141,2600,100523,295.15,131,136,120,120,146
FDDN_ASD5,994.509197285381,3400,101925,295.15,131,136,120,120,146
FDDN_ASD6,712.520727441616,1800,103027,293.15,131,136,114,120,146
FDDN_ASD7,870.665513485216,2600,100523,295.15,131,136,114,120,146
FDDN_ASD8,996.154715082955,3400,101925,299.15,131,136,114,120,146
FDDN_ASD9,727.836383179208,1800,100724,298.15,131,136,114,120,146
FDDN_ASD10,869.914110445555,2600,101324,296.15,131,136,114,120,146
FDDN_ASD11,995.880981633752,3400,100924,295.15,131,136,114,120,146
FDDN_ASD12,730.885792142007,1800,101725,294.15,145,153,130,130,146
FDDN_ASD13,880.792833512405,2600,102025,296.15,145,153,130,130,146
FDDN_ASD14,1009.62508295676,3400,102025,297.15,145,153,130,130,146
FDDN_ASD15,732.018688317386,1800,101725,294.15,145,153,130,130,146
FDDN_ASD16,891.590796562044,2600,100223,297.15,145,153,130,130,146
FDDN_ASD17,1017.26344132581,3400,100824,297.15,145,153,130,130,146
FDDN_ASD18,731.262562645189,1800,101124,299.15,131,140,120,125,146
FDDN_ASD19,863.852065607546,2600,102726,293.15,131,140,120,125,146
FDDN_ASD20,990.549743142925,3400,102326,293.15,131,140,120,125,146
FDDN_ASD21,727.817119584589,1800,101024,295.15,131,140,120,125,146
FDDN_ASD22,874.671134035486,2600,100523,293.15,131,140,120,125,146
FDDN_ASD23,1002.66468809867,3400,102226,299.15,131,140,120,125,146
FDDN_ASD24,722.459703660442,1800,103127,298.15,131,136,120,125,146
FDDN_ASD25,869.492425881109,2600,101625,294.15,131,136,120,125,146
FDDN_ASD26,992.606960454481,3400,102125,294.15,131,136,120,125,146
FDDN_ASD27,727.435504191833,1800,102025,298.15,131,136,120,125,146
FDDN_ASD28,876.378878414713,2600,101024,296.15,131,136,120,125,146
FDDN_ASD29,992.65330447533,3400,102426,294.15,131,136,120,125,146
FDDN_ASD30,716.136254880064,1800,102926,293.15,131,142,120,120,146
FDDN_ASD31,870.305567762231,2600,102526,298.15,131,142,120,120,146
FDDN_ASD32,997.229256776495,3400,102626,299.15,131,142,120,120,146
FDDN_ASD33,721.529061009906,1800,102726,296.15,131,142,120,120,146
FDDN_ASD34,870.7924209257,2600,102726,298.15,131,142,120,120,146
FDDN_ASD35,993.425884237073,3400,103027,297.15,131,142,120,120,146
FDDN_ASD36,728.998596843298,1800,101024,296.15,135,145,120,125,146
FDDN_ASD37,868.502233125286,2600,101925,293.15,135,145,120,125,146
FDDN_ASD38,1004.04757760071,3400,101925,299.15,135,145,120,125,146
FDDN_ASD39,724.371061211454,1800,102626,296.15,135,145,120,125,146
FDDN_ASD40,873.294759125798,2600,101124,293.15,135,145,120,125,146
FDDN_ASD41,1002.42835050326,3400,100523,293.15,135,145,120,125,146
FDDN_ASD42,719.547567017159,1800,102326,296.15,125,130,120,120,146
FDDN_ASD43,860.450730716035,2600,102826,294.15,125,130,120,120,146
FDDN_ASD44,989.808964273557,3400,102125,295.15,125,130,120,120,146
FDDN_ASD45,719.8986932902,1800,103227,298.15,125,130,120,120,146
FDDN_ASD46,859.447071183675,2600,103027,293.15,125,130,120,120,146
FDDN_ASD47,991.34318681118,3400,102125,295.15,125,130,120,120,146
FDDN_ASD48,721.562374836518,1800,103227,293.15,140,153,125,128,146
FDDN_ASD49,874.259282880124,2600,101725,293.15,140,153,125,128,146
FDDN_ASD50,1011.64904498006,3400,100523,296.15,140,153,125,128,146
FDDN_ASD51,724.770382775328,1800,102626,293.15,140,153,125,128,146
FDDN_ASD52,884.358179074222,2600,101425,298.15,140,153,125,128,146
FDDN_ASD53,1006.94373652461,3400,101425,295.15,140,153,125,128,146
FDDN_ASD54,731.133525710877,1800,100824,298.15,145,140,120,120,146
FDDN_ASD55,870.368953636861,2600,102226,296.15,145,140,120,120,146
FDDN_ASD56,992.68239018283,3400,102226,294.15,145,140,120,120,146
FDDN_ASD57,730.390639421706,1800,101324,298.15,145,140,120,120,146
FDDN_ASD58,872.31854329923,2600,101725,295.15,145,140,120,120,146
FDDN_ASD59,994.178454364667,3400,102226,294.15,145,140,120,120,146
FDDN_ASD60,719.003920727374,1800,100423,299.15,118,122,110,110,146
FDDN_ASD61,856.354660765643,2600,102426,299.15,118,122,110,110,146
FDDN_ASD62,967.817737697779,3400,102926,293.15,118,122,110,110,146
FDDN_ASD63,705.433222321705,1800,103227,295.15,118,122,110,110,146
FDDN_ASD64,855.038947116575,2600,101324,294.15,118,122,110,110,146
FDDN_ASD65,975.802128100005,3400,102926,297.15,118,122,110,110,146
FDDN_ASD66,720.512851838376,1800,102226,293.15,131,145,120,125,146
FDDN_ASD67,871.04181444924,2600,102226,296.15,131,145,120,125,146
FDDN_ASD68,1005.34793033259,3400,101525,299.15,131,145,120,125,146
FDDN_ASD69,730.021868788443,1800,101925,299.15,131,145,120,125,146
FDDN_ASD70,870.831680137646,2600,102926,297.15,131,145,120,125,146
FDDN_ASD71,1003.51691885714,3400,101525,297.15,131,145,120,125,146
FDDN_ASD72,731.101681214094,1800,102826,299.15,131,136,120,120,147
FDDN_ASD73,884.677289730897,2600,100924,297.15,131,136,120,120,147
FDDN_ASD74,1000.2612128626,3400,103027,296.15,131,136,120,120,147
FDDN_ASD75,724.991326903831,1800,103127,294.15,131,136,120,120,147
FDDN_ASD76,888.828955148053,2600,100624,298.15,131,136,120,120,147
FDDN_ASD77,1013.9652920547,3400,100924,297.15,131,136,120,120,147
FDDN_ASD78,725.155303279641,1800,102025,294.15,131,136,114,120,147
FDDN_ASD79,879.595411150206,2600,102025,299.15,131,136,114,120,147
FDDN_ASD80,991.566035381683,3400,103027,293.15,131,136,114,120,147
FDDN_ASD81,731.685824002335,1800,100523,294.15,131,136,114,120,147
FDDN_ASD82,876.318178060859,2600,101725,295.15,131,136,114,120,147
FDDN_ASD83,1011.28170422405,3400,100724,297.15,131,136,114,120,147
FDDN_ASD84,740.253443725961,1800,102826,298.15,145,153,130,130,147
FDDN_ASD85,894.352107623236,2600,101224,296.15,145,153,130,130,147
FDDN_ASD86,1015.69014502859,3400,102426,295.15,145,153,130,130,147
FDDN_ASD87,745.504832014826,1800,101024,296.15,145,153,130,130,147
FDDN_ASD88,891.228826628369,2600,101224,293.15,145,153,130,130,147
FDDN_ASD89,1026.05189384017,3400,101725,298.15,145,153,130,130,147
FDDN_ASD90,738.949117919639,1800,100924,298.15,131,140,120,125,147
FDDN_ASD91,885.423934328579,2600,102025,299.15,131,140,120,125,147
FDDN_ASD92,1017.28293387703,3400,100223,296.15,131,140,120,125,147
FDDN_ASD93,729.842159707351,1800,102726,295.15,131,140,120,125,147
FDDN_ASD94,890.346356375246,2600,101224,299.15,131,140,120,125,147
FDDN_ASD95,1013.89135314162,3400,102226,299.15,131,140,120,125,147
FDDN_ASD96,737.002166011305,1800,101324,298.15,131,136,120,125,147
FDDN_ASD97,878.5278562531,2600,101425,293.15,131,136,120,125,147
FDDN_ASD98,1000.88505124485,3400,103027,295.15,131,136,120,125,147
FDDN_ASD99,732.802056571451,1800,101425,294.15,131,136,120,125,147
FDDN_ASD100,880.059889054956,2600,102426,296.15,131,136,120,125,147
FDDN_ASD101,1002.72640066636,3400,102626,294.15,131,136,120,125,147
FDDN_ASD102,739.799675409201,1800,100624,299.15,131,142,120,120,147
FDDN_ASD103,880.335117622486,2600,101425,295.15,131,142,120,120,147
FDDN_ASD104,1008.36250777653,3400,101925,297.15,131,142,120,120,147
FDDN_ASD105,732.391883593909,1800,100924,293.15,131,142,120,120,147
FDDN_ASD106,877.301723540148,2600,103127,297.15,131,142,120,120,147
FDDN_ASD107,1013.75510444713,3400,100824,296.15,131,142,120,120,147
FDDN_ASD108,740.89539414695,1800,101024,299.15,135,145,120,125,147
FDDN_ASD109,883.486780007483,2600,102426,298.15,135,145,120,125,147
FDDN_ASD110,1013.58270665524,3400,100223,293.15,135,145,120,125,147
FDDN_ASD111,739.185650983249,1800,101124,297.15,135,145,120,125,147
FDDN_ASD112,881.830824773969,2600,103127,298.15,135,145,120,125,147
FDDN_ASD113,1021.38852942082,3400,101024,299.15,135,145,120,125,147
FDDN_ASD114,729.951729951589,1800,100624,293.15,125,130,120,120,147
FDDN_ASD115,877.083497988059,2600,100824,293.15,125,130,120,120,147
FDDN_ASD116,996.547223122956,3400,102626,294.15,125,130,120,120,147
FDDN_ASD117,732.892080189557,1800,101825,298.15,125,130,120,120,147
FDDN_ASD118,879.517943295542,2600,100924,294.15,125,130,120,120,147
FDDN_ASD119,1006.56637425812,3400,100924,294.15,125,130,120,120,147
FDDN_ASD120,743.720787461924,1800,101425,299.15,140,153,125,128,147
FDDN_ASD121,888.228670435742,2600,101825,296.15,140,153,125,128,147
FDDN_ASD122,1020.06222632713,3400,102125,299.15,140,153,125,128,147
FDDN_ASD123,740.246173252957,1800,101324,295.15,140,153,125,128,147
FDDN_ASD124,895.388082135566,2600,100523,296.15,140,153,125,128,147
FDDN_ASD125,1022.25312099619,3400,100323,294.15,140,153,125,128,147
FDDN_ASD126,735.863831383144,1800,101425,297.15,145,140,120,120,147
FDDN_ASD127,874.293604205431,2600,103227,295.15,145,140,120,120,147
FDDN_ASD128,1018.61129041597,3400,100624,298.15,145,140,120,120,147
FDDN_ASD129,731.767026809359,1800,101825,294.15,145,140,120,120,147
FDDN_ASD130,879.315197585749,2600,102025,294.15,145,140,120,120,147
FDDN_ASD131,1010.41949250951,3400,102226,297.15,145,140,120,120,147
FDDN_ASD132,712.304602695756,1800,103127,295.15,118,122,110,110,147
FDDN_ASD133,864.485632860374,2600,100624,293.15,118,122,110,110,147
FDDN_ASD134,988.272945155921,3400,101525,295.15,118,122,110,110,147
FDDN_ASD135,721.06258359982,1800,101625,297.15,118,122,110,110,147
FDDN_ASD136,860.617035322539,2600,101825,293.15,118,122,110,110,147
FDDN_ASD137,988.615180979959,3400,103127,299.15,118,122,110,110,147
FDDN_ASD138,735.931335130136,1800,101224,296.15,131,145,120,125,147
FDDN_ASD139,879.074462678444,2600,102626,296.15,131,145,120,125,147
FDDN_ASD140,1006.95402302743,3400,102426,296.15,131,145,120,125,147
FDDN_ASD141,737.860388659096,1800,102025,299.15,131,145,120,125,147
FDDN_ASD142,879.122499275701,2600,102926,296.15,131,145,120,125,147
FDDN_ASD143,1016.92135492986,3400,101425,298.15,131,145,120,125,147
FDDN_ASD144,739.076480176811,1800,102826,299.15,131,136,120,120,148
FDDN_ASD145,892.427268304806,2600,100323,294.15,131,136,120,120,148
FDDN_ASD146,1012.92842640248,3400,101625,293.15,131,136,120,120,148
FDDN_ASD147,741.233769412697,1800,101525,296.15,131,136,120,120,148
FDDN_ASD148,897.904855765475,2600,100423,297.15,131,136,120,120,148
FDDN_ASD149,1017.71299399604,3400,102025,296.15,131,136,120,120,148
FDDN_ASD150,740.871487346575,1800,100223,295.15,131,136,114,120,148
FDDN_ASD151,888.119963297664,2600,101224,296.15,131,136,114,120,148
FDDN_ASD152,1016.03653049989,3400,101625,297.15,131,136,114,120,148
FDDN_ASD153,733.957900978441,1800,101725,293.15,131,136,114,120,148
FDDN_ASD154,891.322090166541,2600,101825,299.15,131,136,114,120,148
FDDN_ASD155,1022.72392698195,3400,100624,297.15,131,136,114,120,148
FDDN_ASD156,756.575502659972,1800,100323,297.15,145,153,130,130,148
FDDN_ASD157,905.140943861673,2600,101725,298.15,145,153,130,130,148
FDDN_ASD158,1038.19648622769,3400,100924,297.15,145,153,130,130,148
FDDN_ASD159,748.01476888687,1800,101925,294.15,145,153,130,130,148
FDDN_ASD160,909.93638092594,2600,101324,299.15,145,153,130,130,148
FDDN_ASD161,1027.2427413685,3400,102025,293.15,145,153,130,130,148
FDDN_ASD162,741.375999887244,1800,102125,297.15,131,140,120,125,148
FDDN_ASD163,890.859248061854,2600,101625,295.15,131,140,120,125,148
FDDN_ASD164,1025.29771990596,3400,100824,296.15,131,140,120,125,148
FDDN_ASD165,743.564777910075,1800,100824,294.15,131,140,120,125,148
FDDN_ASD166,893.71258888627,2600,100624,293.15,131,140,120,125,148
FDDN_ASD167,1020.74985531077,3400,102726,298.15,131,140,120,125,148
FDDN_ASD168,738.215280590287,1800,101825,294.15,131,136,120,125,148
FDDN_ASD169,891.33500123174,2600,101725,296.15,131,136,120,125,148
FDDN_ASD170,1019.64004349518,3400,102826,299.15,131,136,120,125,148
FDDN_ASD171,738.675575140816,1800,102025,294.15,131,136,120,125,148
FDDN_ASD172,896.776147784249,2600,100824,296.15,131,136,120,125,148
FDDN_ASD173,1020.27389558808,3400,103027,299.15,131,136,120,125,148
FDDN_ASD174,744.91527751815,1800,101425,299.15,131,142,120,120,148
FDDN_ASD175,891.070198468404,2600,100824,294.15,131,142,120,120,148
FDDN_ASD176,1016.70849077431,3400,103127,299.15,131,142,120,120,148
FDDN_ASD177,744.295683809925,1800,101224,297.15,131,142,120,120,148
FDDN_ASD178,897.789534643221,2600,101324,299.15,131,142,120,120,148
FDDN_ASD179,1015.9183078841,3400,102926,297.15,131,142,120,120,148
FDDN_ASD180,752.034652298701,1800,100223,299.15,135,145,120,125,148
FDDN_ASD181,883.086922663141,2600,103027,293.15,135,145,120,125,148
FDDN_ASD182,1024.95886366601,3400,101525,297.15,135,145,120,125,148
FDDN_ASD183,743.54837412375,1800,101124,294.15,135,145,120,125,148
FDDN_ASD184,884.471692177277,2600,103027,293.15,135,145,120,125,148
FDDN_ASD185,1019.54498226463,3400,102926,297.15,135,145,120,125,148
FDDN_ASD186,734.516547509739,1800,102226,295.15,125,130,120,120,148
FDDN_ASD187,889.163824048125,2600,100924,295.15,125,130,120,120,148
FDDN_ASD188,1004.84775001313,3400,103127,294.15,125,130,120,120,148
FDDN_ASD189,737.967621934207,1800,102626,298.15,125,130,120,120,148
FDDN_ASD190,894.945957480149,2600,100624,297.15,125,130,120,120,148
FDDN_ASD191,1016.64079249783,3400,101425,295.15,125,130,120,120,148
FDDN_ASD192,750.142068934276,1800,100223,294.15,140,153,125,128,148
FDDN_ASD193,893.97290853615,2600,101725,293.15,140,153,125,128,148
FDDN_ASD194,1016.98913698323,3400,102926,293.15,140,153,125,128,148
FDDN_ASD195,748.364865826786,1800,102726,299.15,140,153,125,128,148
FDDN_ASD196,897.748587531169,2600,102226,296.15,140,153,125,128,148
FDDN_ASD197,1026.65166462125,3400,102025,295.15,140,153,125,128,148
FDDN_ASD198,743.424019361201,1800,101224,296.15,145,140,120,120,148
FDDN_ASD199,891.575932981964,2600,102826,299.15,145,140,120,120,148
FDDN_ASD200,1025.81734360145,3400,101725,299.15,145,140,120,120,148
FDDN_ASD201,740.193099745137,1800,101725,294.15,145,140,120,120,148
FDDN_ASD202,883.085979403592,2600,103027,293.15,145,140,120,120,148
FDDN_ASD203,1022.03723080774,3400,101425,295.15,145,140,120,120,148
FDDN_ASD204,723.313594698356,1800,102125,295.15,118,122,110,110,148
FDDN_ASD205,865.129365686231,2600,102926,294.15,118,122,110,110,148
FDDN_ASD206,999.899550909186,3400,100924,294.15,118,122,110,110,148
FDDN_ASD207,728.784084708784,1800,100223,293.15,118,122,110,110,148
FDDN_ASD208,878.33457503649,2600,101525,298.15,118,122,110,110,148
FDDN_ASD209,1003.12673677428,3400,100924,295.15,118,122,110,110,148
FDDN_ASD210,736.222219275202,1800,102326,293.15,131,145,120,125,148
FDDN_ASD211,896.677765412631,2600,101825,299.15,131,145,120,125,148
FDDN_ASD212,1026.24965602695,3400,101124,297.15,131,145,120,125,148
FDDN_ASD213,738.104844595337,1800,102125,293.15,131,145,120,125,148
FDDN_ASD214,890.107656188357,2600,101925,294.15,131,145,120,125,148
FDDN_ASD215,1019.09633076883,3400,102526,296.15,131,145,120,125,148
FDDN_ASD216,749.814173379156,1800,101024,296.15,131,136,120,120,149
FDDN_ASD217,892.334880103426,2600,102826,295.15,131,136,120,120,149
FDDN_ASD218,1032.91752984811,3400,101525,298.15,131,136,120,120,149
FDDN_ASD219,745.113718319778,1800,102626,296.15,131,136,120,120,149
FDDN_ASD220,892.000030243925,2600,103227,295.15,131,136,120,120,149
FDDN_ASD221,1020.32180770131,3400,102626,293.15,131,136,120,120,149
FDDN_ASD222,751.487386092949,1800,100824,299.15,131,136,114,120,149
FDDN_ASD223,894.735406268672,2600,100824,293.15,131,136,114,120,149
FDDN_ASD224,1034.65343259229,3400,100423,298.15,131,136,114,120,149
FDDN_ASD225,740.982691142874,1800,102626,295.15,131,136,114,120,149
FDDN_ASD226,900.331450246112,2600,101925,299.15,131,136,114,120,149
FDDN_ASD227,1031.35466268038,3400,101725,299.15,131,136,114,120,149
FDDN_ASD228,749.305047637527,1800,103127,293.15,145,153,130,130,149
FDDN_ASD229,911.663027999251,2600,102826,299.15,145,153,130,130,149
FDDN_ASD230,1044.63597659248,3400,101525,296.15,145,153,130,130,149
FDDN_ASD231,757.858353882286,1800,102526,297.15,145,153,130,130,149
FDDN_ASD232,915.967208207832,2600,101525,297.15,145,153,130,130,149
FDDN_ASD233,1035.95465580262,3400,103227,295.15,145,153,130,130,149
FDDN_ASD234,753.069696764656,1800,101124,297.15,131,140,120,125,149
FDDN_ASD235,892.942771030173,2600,102626,293.15,131,140,120,125,149
FDDN_ASD236,1032.5472262459,3400,102226,298.15,131,140,120,125,149
FDDN_ASD237,750.99700701541,1800,101324,295.15,131,140,120,125,149
FDDN_ASD238,899.027718660215,2600,101925,294.15,131,140,120,125,149
FDDN_ASD239,1022.26901492269,3400,103227,294.15,131,140,120,125,149
FDDN_ASD240,744.660356626221,1800,102926,296.15,131,136,120,125,149
FDDN_ASD241,896.889746936494,2600,102626,296.15,131,136,120,125,149
FDDN_ASD242,1043.38541327829,3400,100323,299.15,131,136,120,125,149
FDDN_ASD243,749.716994695736,1800,101525,295.15,131,136,120,125,149
FDDN_ASD244,901.461741126098,2600,101925,296.15,131,136,120,125,149
FDDN_ASD245,1042.31354058642,3400,100523,298.15,131,136,120,125,149
FDDN_ASD246,749.553962368376,1800,102326,299.15,131,142,120,120,149
FDDN_ASD247,893.45687499397,2600,102426,294.15,131,142,120,120,149
FDDN_ASD248,1027.39207863869,3400,102125,296.15,131,142,120,120,149
FDDN_ASD249,747.298738484938,1800,102226,296.15,131,142,120,120,149
FDDN_ASD250,895.565954092626,2600,101925,293.15,131,142,120,120,149
FDDN_ASD251,1026.11870359001,3400,102025,294.15,131,142,120,120,149
FDDN_ASD252,750.915265082473,1800,101324,295.15,135,145,120,125,149
FDDN_ASD253,904.558923020088,2600,102025,298.15,135,145,120,125,149
FDDN_ASD254,1031.51670374086,3400,101024,293.15,135,145,120,125,149
FDDN_ASD255,747.881981094651,1800,102125,294.15,135,145,120,125,149
FDDN_ASD256,904.870825098071,2600,100924,294.15,135,145,120,125,149
FDDN_ASD257,1037.97598139827,3400,101124,296.15,135,145,120,125,149
FDDN_ASD258,749.291183695719,1800,101024,297.15,125,130,120,120,149
FDDN_ASD259,904.192869466716,2600,101024,299.15,125,130,120,120,149
FDDN_ASD260,1034.04490789428,3400,100824,298.15,125,130,120,120,149
FDDN_ASD261,750.860161051881,1800,100924,297.15,125,130,120,120,149
FDDN_ASD262,896.292396118329,2600,101425,294.15,125,130,120,120,149
FDDN_ASD263,1028.57428514514,3400,100523,293.15,125,130,120,120,149
FDDN_ASD264,759.386563035369,1800,100624,296.15,140,153,125,128,149
FDDN_ASD265,913.121727901191,2600,100323,295.15,140,153,125,128,149
FDDN_ASD266,1042.09829632229,3400,100523,294.15,140,153,125,128,149
FDDN_ASD267,758.412878331391,1800,102226,299.15,140,153,125,128,149
FDDN_ASD268,911.070189797572,2600,100423,293.15,140,153,125,128,149
FDDN_ASD269,1042.38514734368,3400,101825,297.15,140,153,125,128,149
FDDN_ASD270,747.1794414022,1800,102025,295.15,145,140,120,120,149
FDDN_ASD271,902.263523346931,2600,102226,298.15,145,140,120,120,149
FDDN_ASD272,1034.20640262822,3400,100523,294.15,145,140,120,120,149
FDDN_ASD273,749.500435089866,1800,101024,293.15,145,140,120,120,149
FDDN_ASD274,904.12641800637,2600,100423,293.15,145,140,120,120,149
FDDN_ASD275,1040.30374878876,3400,101024,298.15,145,140,120,120,149
FDDN_ASD276,730.441870512028,1800,101525,293.15,118,122,110,110,149
FDDN_ASD277,886.163130470053,2600,101825,299.15,118,122,110,110,149
FDDN_ASD278,1005.13274586992,3400,101925,294.15,118,122,110,110,149
FDDN_ASD279,738.218776268275,1800,100724,296.15,118,122,110,110,149
FDDN_ASD280,887.31227439242,2600,100523,295.15,118,122,110,110,149
FDDN_ASD281,1009.39185551452,3400,101725,295.15,118,122,110,110,149
FDDN_ASD282,750.368628601603,1800,101324,295.15,131,145,120,125,149
FDDN_ASD283,898.649265918491,2600,102526,296.15,131,145,120,125,149
FDDN_ASD284,1025.37594158541,3400,102426,294.15,131,145,120,125,149
FDDN_ASD285,749.018611075279,1800,101324,293.15,131,145,120,125,149
FDDN_ASD286,906.17538367163,2600,100824,295.15,131,145,120,125,149
FDDN_ASD287,1031.78746439372,3400,102526,297.15,131,145,120,125,149
FDDN_ASD288,755.837725506601,1800,100824,294.15,131,136,120,120,150
FDDN_ASD289,899.027519301447,2600,102726,293.15,131,136,120,120,150
FDDN_ASD290,1033.73767065919,3400,103127,297.15,131,136,120,120,150
FDDN_ASD291,765.770504272974,1800,100223,299.15,131,136,120,120,150
FDDN_ASD292,906.933593179379,2600,101625,294.15,131,136,120,120,150
FDDN_ASD293,1038.92841780863,3400,103127,299.15,131,136,120,120,150
FDDN_ASD294,747.155681260387,1800,102726,295.15,131,136,114,120,150
FDDN_ASD295,913.513047929017,2600,100423,298.15,131,136,114,120,150
FDDN_ASD296,1043.78998507734,3400,100724,298.15,131,136,114,120,150
FDDN_ASD297,758.452908400508,1800,101024,298.15,131,136,114,120,150
FDDN_ASD298,904.469536784189,2600,101725,295.15,131,136,114,120,150
FDDN_ASD299,1031.016480722,3400,101825,293.15,131,136,114,120,150
FDDN_ASD300,766.071461612494,1800,101825,296.15,145,153,130,130,150
FDDN_ASD301,923.439841435465,2600,101024,295.15,145,153,130,130,150
FDDN_ASD302,1052.92655385546,3400,102426,297.15,145,153,130,130,150
FDDN_ASD303,759.381554695381,1800,102926,293.15,145,153,130,130,150
FDDN_ASD304,925.102860698762,2600,100323,293.15,145,153,130,130,150
FDDN_ASD305,1048.64380449389,3400,102226,293.15,145,153,130,130,150
FDDN_ASD306,763.927571342656,1800,101024,299.15,131,140,120,125,150
FDDN_ASD307,916.837282808411,2600,100423,296.15,131,140,120,125,150
FDDN_ASD308,1048.51112482003,3400,101224,298.15,131,140,120,125,150
FDDN_ASD309,765.283974282274,1800,100323,297.15,131,140,120,125,150
FDDN_ASD310,919.660683478472,2600,100824,298.15,131,140,120,125,150
FDDN_ASD311,1039.04073208413,3400,102726,296.15,131,140,120,125,150
FDDN_ASD312,753.965644535508,1800,101825,294.15,131,136,120,125,150
FDDN_ASD313,905.266149525925,2600,101825,293.15,131,136,120,125,150
FDDN_ASD314,1038.05050267549,3400,103127,298.15,131,136,120,125,150
FDDN_ASD315,762.362607285149,1800,101625,299.15,131,136,120,125,150
FDDN_ASD316,909.547714207069,2600,102926,298.15,131,136,120,125,150
FDDN_ASD317,1038.82722727847,3400,102626,296.15,131,136,120,125,150
FDDN_ASD318,754.225470647603,1800,101124,293.15,131,142,120,120,150
FDDN_ASD319,900.375637641064,2600,102626,293.15,131,142,120,120,150
FDDN_ASD320,1040.17159506902,3400,101725,296.15,131,142,120,120,150
FDDN_ASD321,760.711345446495,1800,101425,298.15,131,142,120,120,150
FDDN_ASD322,920.072272225183,2600,100624,299.15,131,142,120,120,150
FDDN_ASD323,1032.77598078118,3400,102826,294.15,131,142,120,120,150
FDDN_ASD324,761.64307287417,1800,100924,296.15,135,145,120,125,150
FDDN_ASD325,917.716715276904,2600,101224,298.15,135,145,120,125,150
FDDN_ASD326,1045.48085281771,3400,100423,293.15,135,145,120,125,150
FDDN_ASD327,768.653391501892,1800,100423,299.15,135,145,120,125,150
FDDN_ASD328,911.383124366128,2600,102626,297.15,135,145,120,125,150
FDDN_ASD329,1043.34152734313,3400,103227,299.15,135,145,120,125,150
FDDN_ASD330,756.229572954055,1800,101925,299.15,125,130,120,120,150
FDDN_ASD331,913.110105928091,2600,101124,299.15,125,130,120,120,150
FDDN_ASD332,1035.15700593702,3400,101324,294.15,125,130,120,120,150
FDDN_ASD333,758.798521166492,1800,100223,295.15,125,130,120,120,150
FDDN_ASD334,909.685894336644,2600,102226,299.15,125,130,120,120,150
FDDN_ASD335,1043.088467005,3400,101825,299.15,125,130,120,120,150
FDDN_ASD336,767.40165578642,1800,101324,298.15,140,153,125,128,150
FDDN_ASD337,911.745202479182,2600,102426,294.15,140,153,125,128,150
FDDN_ASD338,1052.61061702812,3400,100624,294.15,140,153,125,128,150
FDDN_ASD339,766.303451532118,1800,100924,295.15,140,153,125,128,150
FDDN_ASD340,920.10119386909,2600,102626,299.15,140,153,125,128,150
FDDN_ASD341,1046.76825779974,3400,103127,297.15,140,153,125,128,150
FDDN_ASD342,756.048449594796,1800,103127,299.15,145,140,120,120,150
FDDN_ASD343,910.723870134015,2600,101425,295.15,145,140,120,120,150
FDDN_ASD344,1038.52690346397,3400,102125,295.15,145,140,120,120,150
FDDN_ASD345,756.400761964886,1800,102326,296.15,145,140,120,120,150
FDDN_ASD346,905.53147397264,2600,102226,293.15,145,140,120,120,150
FDDN_ASD347,1041.38145572489,3400,101224,293.15,145,140,120,120,150
FDDN_ASD348,734.174277392415,1800,102526,293.15,118,122,110,110,150
FDDN_ASD349,880.856527952471,2600,103027,293.15,118,122,110,110,150
FDDN_ASD350,1011.7096607755,3400,102626,294.15,118,122,110,110,150
FDDN_ASD351,743.215279092595,1800,101725,297.15,118,122,110,110,150
FDDN_ASD352,892.750234065394,2600,100624,293.15,118,122,110,110,150
FDDN_ASD353,1012.85625002585,3400,102726,294.15,118,122,110,110,150
FDDN_ASD354,758.906080844334,1800,102526,299.15,131,145,120,125,150
FDDN_ASD355,917.594548890581,2600,100423,296.15,131,145,120,125,150
FDDN_ASD356,1051.46147862808,3400,100824,298.15,131,145,120,125,150
FDDN_ASD357,755.065470560296,1800,101825,293.15,131,145,120,125,150
FDDN_ASD358,905.429723384187,2600,102426,293.15,131,145,120,125,150
FDDN_ASD359,1042.43729416941,3400,102226,296.15,131,145,120,125,150
FDDN_ASD360,755.191186968776,1800,102726,293.15,131,136,120,120,151
FDDN_ASD361,917.974108729137,2600,101925,297.15,131,136,120,120,151
FDDN_ASD362,1056.71035452653,3400,100724,297.15,131,136,120,120,151
FDDN_ASD363,760.979693057756,1800,103227,298.15,131,136,120,120,151
FDDN_ASD364,919.253042729626,2600,102326,298.15,131,136,120,120,151
FDDN_ASD365,1056.73418682259,3400,100724,296.15,131,136,120,120,151
FDDN_ASD366,759.48996224377,1800,102826,299.15,131,136,114,120,151
FDDN_ASD367,905.50416925045,2600,102526,293.15,131,136,114,120,151
FDDN_ASD368,1047.43137279023,3400,101024,295.15,131,136,114,120,151
FDDN_ASD369,763.558110240261,1800,101725,298.15,131,136,114,120,151
FDDN_ASD370,913.653687458938,2600,101725,295.15,131,136,114,120,151
FDDN_ASD371,1038.13109698615,3400,102826,294.15,131,136,114,120,151
FDDN_ASD372,768.916252867807,1800,102526,294.15,145,153,130,130,151
FDDN_ASD373,934.440785184163,2600,101425,297.15,145,153,130,130,151
FDDN_ASD374,1056.01067362373,3400,102926,294.15,145,153,130,130,151
FDDN_ASD375,778.677140332135,1800,100323,294.15,145,153,130,130,151
FDDN_ASD376,935.050876983745,2600,100624,294.15,145,153,130,130,151
FDDN_ASD377,1065.96517711475,3400,101725,295.15,145,153,130,130,151
FDDN_ASD378,772.013398680165,1800,100624,298.15,131,140,120,125,151
FDDN_ASD379,924.341510251016,2600,101525,298.15,131,140,120,125,151
FDDN_ASD380,1047.43065238059,3400,102826,296.15,131,140,120,125,151
FDDN_ASD381,762.181296297256,1800,103227,297.15,131,140,120,125,151
FDDN_ASD382,926.631947036395,2600,101024,297.15,131,140,120,125,151
FDDN_ASD383,1058.15589918553,3400,102125,299.15,131,140,120,125,151
FDDN_ASD384,764.862458614964,1800,102025,297.15,131,136,120,125,151
FDDN_ASD385,915.92269047823,2600,101525,293.15,131,136,120,125,151
FDDN_ASD386,1052.51910179554,3400,102726,299.15,131,136,120,125,151
FDDN_ASD387,765.432796103397,1800,101525,295.15,131,136,120,125,151
FDDN_ASD388,915.869698633136,2600,102226,294.15,131,136,120,125,151
FDDN_ASD389,1053.16690070257,3400,101925,296.15,131,136,120,125,151
FDDN_ASD390,759.485498971428,1800,102125,294.15,131,142,120,120,151
FDDN_ASD391,918.305937779994,2600,101725,296.15,131,142,120,120,151
FDDN_ASD392,1041.10155110578,3400,102926,294.15,131,142,120,120,151
FDDN_ASD393,758.719654784604,1800,102326,293.15,131,142,120,120,151
FDDN_ASD394,921.594922994666,2600,102025,298.15,131,142,120,120,151
FDDN_ASD395,1057.30265598348,3400,100824,296.15,131,142,120,120,151
FDDN_ASD396,758.847515893404,1800,102726,293.15,135,145,120,125,151
FDDN_ASD397,923.246798776329,2600,100724,294.15,135,145,120,125,151
FDDN_ASD398,1057.48801883663,3400,102226,299.15,135,145,120,125,151
FDDN_ASD399,760.8552169731,1800,103227,295.15,135,145,120,125,151
FDDN_ASD400,928.67032310974,2600,100223,295.15,135,145,120,125,151
FDDN_ASD401,1052.70496469264,3400,102125,295.15,135,145,120,125,151
FDDN_ASD402,763.09102954196,1800,101124,296.15,125,130,120,120,151
FDDN_ASD403,907.035185375206,2600,102826,294.15,125,130,120,120,151
FDDN_ASD404,1041.45384307634,3400,102826,296.15,125,130,120,120,151
FDDN_ASD405,758.533585271063,1800,103027,297.15,125,130,120,120,151
FDDN_ASD406,907.457093694735,2600,102726,293.15,125,130,120,120,151
FDDN_ASD407,1043.28923623373,3400,102125,294.15,125,130,120,120,151
FDDN_ASD408,775.777047112974,1800,100223,295.15,140,153,125,128,151
FDDN_ASD409,923.021144755611,2600,102726,296.15,140,153,125,128,151
FDDN_ASD410,1064.11344344208,3400,102226,299.15,140,153,125,128,151
FDDN_ASD411,774.445219699836,1800,100223,293.15,140,153,125,128,151
FDDN_ASD412,927.978303642277,2600,102326,297.15,140,153,125,128,151
FDDN_ASD413,1065.97509361245,3400,102226,299.15,140,153,125,128,151
FDDN_ASD414,770.974385782312,1800,101224,299.15,145,140,120,120,151
FDDN_ASD415,921.529292545631,2600,100423,293.15,145,140,120,120,151
FDDN_ASD416,1055.03159749333,3400,102025,298.15,145,140,120,120,151
FDDN_ASD417,763.329508487267,1800,101525,293.15,145,140,120,120,151
FDDN_ASD418,919.081665522606,2600,102326,296.15,145,140,120,120,151
FDDN_ASD419,1061.72601889208,3400,101425,299.15,145,140,120,120,151
FDDN_ASD420,746.079163909484,1800,102626,297.15,118,122,110,110,151
FDDN_ASD421,889.078582290455,2600,103127,293.15,118,122,110,110,151
FDDN_ASD422,1032.61977530776,3400,101825,298.15,118,122,110,110,151
FDDN_ASD423,748.920490960804,1800,101825,296.15,118,122,110,110,151
FDDN_ASD424,906.210945795646,2600,101625,299.15,118,122,110,110,151
FDDN_ASD425,1031.7506730415,3400,102326,298.15,118,122,110,110,151
FDDN_ASD426,769.936981391009,1800,100323,295.15,131,145,120,125,151
FDDN_ASD427,923.244681621269,2600,101925,298.15,131,145,120,125,151
FDDN_ASD428,1052.190023276,3400,101725,295.15,131,145,120,125,151
FDDN_ASD429,767.194109899364,1800,101024,294.15,131,145,120,125,151
FDDN_ASD430,913.437593909701,2600,102726,293.15,131,145,120,125,151
FDDN_ASD431,1059.56955378868,3400,100323,294.15,131,145,120,125,151
FDDN_ASD432,766.256899880474,1800,102826,296.15,131,136,120,120,152
FDDN_ASD433,920.848394742076,2600,102626,295.15,131,136,120,120,152
FDDN_ASD434,1071.90213710333,3400,100523,299.15,131,136,120,120,152
FDDN_ASD435,768.636701835819,1800,103227,298.15,131,136,120,120,152
FDDN_ASD436,923.090837536515,2600,102826,296.15,131,136,120,120,152
FDDN_ASD437,1058.80170023734,3400,103027,298.15,131,136,120,120,152
FDDN_ASD438,765.417413334699,1800,102226,296.15,131,136,114,120,152
FDDN_ASD439,931.899644781714,2600,100423,298.15,131,136,114,120,152
FDDN_ASD440,1055.82494363253,3400,102426,298.15,131,136,114,120,152
FDDN_ASD441,774.441386647796,1800,100523,297.15,131,136,114,120,152
FDDN_ASD442,935.010215112314,2600,100423,299.15,131,136,114,120,152
FDDN_ASD443,1050.22472253847,3400,102826,295.15,131,136,114,120,152
FDDN_ASD444,783.430556476697,1800,102526,299.15,145,153,130,130,152
FDDN_ASD445,948.20712189069,2600,101224,299.15,145,153,130,130,152
FDDN_ASD446,1065.05686127883,3400,102926,293.15,145,153,130,130,152
FDDN_ASD447,780.490675246874,1800,102626,296.15,145,153,130,130,152
FDDN_ASD448,945.954006224292,2600,101725,298.15,145,153,130,130,152
FDDN_ASD449,1090.71478698971,3400,100523,299.15,145,153,130,130,152
FDDN_ASD450,767.321297203915,1800,102526,294.15,131,140,120,125,152
FDDN_ASD451,919.40269545517,2600,102926,293.15,131,140,120,125,152
FDDN_ASD452,1065.68804560969,3400,100323,293.15,131,140,120,125,152
FDDN_ASD453,777.346179643537,1800,100924,296.15,131,140,120,125,152
FDDN_ASD454,923.477345458886,2600,102726,294.15,131,140,120,125,152
FDDN_ASD455,1070.52912036273,3400,101124,297.15,131,140,120,125,152
FDDN_ASD456,768.271704068025,1800,102125,294.15,131,136,120,125,152
FDDN_ASD457,937.428111239056,2600,100223,297.15,131,136,120,125,152
FDDN_ASD458,1070.40122479644,3400,101324,299.15,131,136,120,125,152
FDDN_ASD459,769.55308361071,1800,102826,296.15,131,136,120,125,152
FDDN_ASD460,933.362038450505,2600,102125,299.15,131,136,120,125,152
FDDN_ASD461,1062.31947948833,3400,103227,299.15,131,136,120,125,152
FDDN_ASD462,780.934725214934,1800,100223,299.15,131,142,120,120,152
FDDN_ASD463,933.532717586338,2600,100423,296.15,131,142,120,120,152
FDDN_ASD464,1056.38338123559,3400,102326,295.15,131,142,120,120,152
FDDN_ASD465,767.635071114235,1800,103027,296.15,131,142,120,120,152
FDDN_ASD466,925.299537474479,2600,101525,293.15,131,142,120,120,152
FDDN_ASD467,1065.35462334981,3400,102326,299.15,131,142,120,120,152
FDDN_ASD468,778.7006642156,1800,100223,295.15,135,145,120,125,152
FDDN_ASD469,926.541074564024,2600,102025,294.15,135,145,120,125,152
FDDN_ASD470,1066.24700112417,3400,101224,295.15,135,145,120,125,152
FDDN_ASD471,784.102388384158,1800,100523,299.15,135,145,120,125,152
FDDN_ASD472,927.895642640817,2600,102426,295.15,135,145,120,125,152
FDDN_ASD473,1068.30915632879,3400,101525,296.15,135,145,120,125,152
FDDN_ASD474,776.401732040939,1800,100323,298.15,125,130,120,120,152
FDDN_ASD475,928.758180963723,2600,100724,296.15,125,130,120,120,152
FDDN_ASD476,1052.14195063306,3400,101725,293.15,125,130,120,120,152
FDDN_ASD477,760.96929297964,1800,103027,293.15,125,130,120,120,152
FDDN_ASD478,931.466198227643,2600,100824,297.15,125,130,120,120,152
FDDN_ASD479,1064.43977769483,3400,100423,295.15,125,130,120,120,152
FDDN_ASD480,782.764538302286,1800,101825,299.15,140,153,125,128,152
FDDN_ASD481,946.448939366036,2600,100724,299.15,140,153,125,128,152
FDDN_ASD482,1063.04178408961,3400,103127,295.15,140,153,125,128,152
FDDN_ASD483,776.543375513391,1800,102426,295.15,140,153,125,128,152
FDDN_ASD484,934.765243900854,2600,102926,297.15,140,153,125,128,152
FDDN_ASD485,1074.51563371632,3400,100624,293.15,140,153,125,128,152
FDDN_ASD486,775.929810415321,1800,101625,298.15,145,140,120,120,152
FDDN_ASD487,925.880115074532,2600,102526,296.15,145,140,120,120,152
FDDN_ASD488,1068.45440778151,3400,101825,299.15,145,140,120,120,152
FDDN_ASD489,776.604692095641,1800,102125,299.15,145,140,120,120,152
FDDN_ASD490,936.49985564819,2600,100223,295.15,145,140,120,120,152
FDDN_ASD491,1064.26555529255,3400,100924,293.15,145,140,120,120,152
FDDN_ASD492,754.000832288895,1800,102426,297.15,118,122,110,110,152
FDDN_ASD493,907.718943762344,2600,102226,297.15,118,122,110,110,152
FDDN_ASD494,1041.52161346003,3400,102025,298.15,118,122,110,110,152
FDDN_ASD495,753.571185333772,1800,102526,296.15,118,122,110,110,152
FDDN_ASD496,918.592396507334,2600,100824,299.15,118,122,110,110,152
FDDN_ASD497,1039.11290648637,3400,102826,298.15,118,122,110,110,152
FDDN_ASD498,775.51213901453,1800,101224,296.15,131,145,120,125,152
FDDN_ASD499,933.055689426327,2600,101825,298.15,131,145,120,125,152
FDDN_ASD500,1062.60328452213,3400,103127,299.15,131,145,120,125,152
FDDN_ASD501,774.930989109596,1800,101725,296.15,131,145,120,125,152
FDDN_ASD502,929.12670152588,2600,103027,298.15,131,145,120,125,152
FDDN_ASD503,1063.1869913129,3400,103027,298.15,131,145,120,125,152
FDDN_ASD504,770.947520699064,1800,102526,293.15,131,136,120,120,153
FDDN_ASD505,936.692186618365,2600,101825,297.15,131,136,120,120,153
FDDN_ASD506,1078.54745792162,3400,100223,296.15,131,136,120,120,153
FDDN_ASD507,781.129244147815,1800,101925,298.15,131,136,120,120,153
FDDN_ASD508,933.821033764526,2600,101425,293.15,131,136,120,120,153
FDDN_ASD509,1071.26485373672,3400,102626,298.15,131,136,120,120,153
FDDN_ASD510,769.862970269439,1800,102326,294.15,131,136,114,120,153
FDDN_ASD511,937.316703525856,2600,100523,296.15,131,136,114,120,153
FDDN_ASD512,1069.40076287084,3400,102125,299.15,131,136,114,120,153
FDDN_ASD513,772.413534891931,1800,103027,297.15,131,136,114,120,153
FDDN_ASD514,936.472616111396,2600,101725,298.15,131,136,114,120,153
FDDN_ASD515,1072.30786218063,3400,101925,299.15,131,136,114,120,153
FDDN_ASD516,789.693560331806,1800,102626,298.15,145,153,130,130,153
FDDN_ASD517,949.860714230694,2600,102226,297.15,145,153,130,130,153
FDDN_ASD518,1085.69252091802,3400,103127,299.15,145,153,130,130,153
FDDN_ASD519,799.472969472549,1800,100824,299.15,145,153,130,130,153
FDDN_ASD520,951.04905750073,2600,103027,299.15,145,153,130,130,153
FDDN_ASD521,1089.28048346276,3400,102826,299.15,145,153,130,130,153
FDDN_ASD522,780.211804110397,1800,101825,296.15,131,140,120,125,153
FDDN_ASD523,941.805580722564,2600,100724,295.15,131,140,120,125,153
FDDN_ASD524,1062.41461937108,3400,102926,293.15,131,140,120,125,153
FDDN_ASD525,781.893583655184,1800,102426,298.15,131,140,120,125,153
FDDN_ASD526,931.251561113487,2600,103027,294.15,131,140,120,125,153
FDDN_ASD527,1066.38264186281,3400,102526,293.15,131,140,120,125,153
FDDN_ASD528,779.862000956133,1800,101425,295.15,131,136,120,125,153
FDDN_ASD529,931.900078752795,2600,102025,293.15,131,136,120,125,153
FDDN_ASD530,1072.19082339584,3400,102626,298.15,131,136,120,125,153
FDDN_ASD531,781.37982338818,1800,101725,296.15,131,136,120,125,153
FDDN_ASD532,943.149766671099,2600,101324,297.15,131,136,120,125,153
FDDN_ASD533,1087.74039933326,3400,100423,299.15,131,136,120,125,153
FDDN_ASD534,781.21244352909,1800,102125,299.15,131,142,120,120,153
FDDN_ASD535,940.422527654513,2600,100223,294.15,131,142,120,120,153
FDDN_ASD536,1065.61867662717,3400,103227,297.15,131,142,120,120,153
FDDN_ASD537,775.580655339639,1800,102926,296.15,131,142,120,120,153
FDDN_ASD538,938.565320742965,2600,100624,293.15,131,142,120,120,153
FDDN_ASD539,1079.86491674276,3400,101224,298.15,131,142,120,120,153
FDDN_ASD540,784.283765301565,1800,100423,294.15,135,145,120,125,153
FDDN_ASD541,937.94984347657,2600,102226,296.15,135,145,120,125,153
FDDN_ASD542,1072.47743476727,3400,102025,295.15,135,145,120,125,153
FDDN_ASD543,792.30658046257,1800,100423,299.15,135,145,120,125,153
FDDN_ASD544,942.383248385723,2600,101625,296.15,135,145,120,125,153
FDDN_ASD545,1069.68486628238,3400,102226,293.15,135,145,120,125,153
FDDN_ASD546,776.242097683338,1800,102326,298.15,125,130,120,120,153
FDDN_ASD547,941.741047026589,2600,100223,297.15,125,130,120,120,153
FDDN_ASD548,1063.62381831821,3400,101825,294.15,125,130,120,120,153
FDDN_ASD549,771.440919820606,1800,102226,293.15,125,130,120,120,153
FDDN_ASD550,931.614370996778,2600,101725,294.15,125,130,120,120,153
FDDN_ASD551,1075.33288851247,3400,100323,295.15,125,130,120,120,153
FDDN_ASD552,780.328704483888,1800,102426,293.15,140,153,125,128,153
FDDN_ASD553,943.708614201434,2600,101625,294.15,140,153,125,128,153
FDDN_ASD554,1081.07817457045,3400,101725,295.15,140,153,125,128,153
FDDN_ASD555,785.512368990131,1800,102125,295.15,140,153,125,128,153
FDDN_ASD556,943.228000628083,2600,103127,297.15,140,153,125,128,153
FDDN_ASD557,1090.80323072118,3400,100624,296.15,140,153,125,128,153
FDDN_ASD558,787.483269494515,1800,100624,298.15,145,140,120,120,153
FDDN_ASD559,942.62164405264,2600,101224,297.15,145,140,120,120,153
FDDN_ASD560,1079.76810586159,3400,100323,295.15,145,140,120,120,153
FDDN_ASD561,787.504974441825,1800,100624,297.15,145,140,120,120,153
FDDN_ASD562,946.469028469496,2600,101425,299.15,145,140,120,120,153
FDDN_ASD563,1085.1663782321,3400,101024,299.15,145,140,120,120,153
FDDN_ASD564,763.57422004128,1800,101425,296.15,118,122,110,110,153
FDDN_ASD565,923.541181573077,2600,100624,297.15,118,122,110,110,153
FDDN_ASD566,1053.02458994741,3400,102025,299.15,118,122,110,110,153
FDDN_ASD567,769.02294422912,1800,100323,296.15,118,122,110,110,153
FDDN_ASD568,918.29863177992,2600,101425,295.15,118,122,110,110,153
FDDN_ASD569,1054.95547771789,3400,101324,297.15,118,122,110,110,153
FDDN_ASD570,780.523040895409,1800,101224,294.15,131,145,120,125,153
FDDN_ASD571,942.887406290326,2600,102025,299.15,131,145,120,125,153
FDDN_ASD572,1071.81310947635,3400,103027,298.15,131,145,120,125,153
FDDN_ASD573,782.420123863094,1800,101425,295.15,131,145,120,125,153
FDDN_ASD574,937.741007562028,2600,102125,295.15,131,145,120,125,153
FDDN_ASD575,1073.45611793876,3400,102726,297.15,131,145,120,125,153
FDDN_ASD576,791.982918257904,1800,100724,298.15,131,136,120,120,154
FDDN_ASD577,945.573096978011,2600,102526,299.15,131,136,120,120,154
FDDN_ASD578,1080.52354351229,3400,101425,295.15,131,136,120,120,154
FDDN_ASD579,783.977121434941,1800,101425,293.15,131,136,120,120,154
FDDN_ASD580,944.724418345292,2600,102726,298.15,131,136,120,120,154
FDDN_ASD581,1083.85281377181,3400,100824,294.15,131,136,120,120,154
FDDN_ASD582,776.991563701779,1800,102726,295.15,131,136,114,120,154
FDDN_ASD583,943.27354161681,2600,101825,298.15,131,136,114,120,154
FDDN_ASD584,1085.06120095847,3400,100423,297.15,131,136,114,120,154
FDDN_ASD585,783.129500209236,1800,101124,294.15,131,136,114,120,154
FDDN_ASD586,943.486402731839,2600,100423,293.15,131,136,114,120,154
FDDN_ASD587,1073.69088841707,3400,101525,293.15,131,136,114,120,154
FDDN_ASD588,801.540382228422,1800,101925,299.15,145,153,130,130,154
FDDN_ASD589,957.700474729936,2600,101525,294.15,145,153,130,130,154
FDDN_ASD590,1104.31535889022,3400,101324,298.15,145,153,130,130,154
FDDN_ASD591,798.737353157986,1800,103027,299.15,145,153,130,130,154
FDDN_ASD592,967.347341900724,2600,100223,295.15,145,153,130,130,154
FDDN_ASD593,1094.88470364051,3400,101725,293.15,145,153,130,130,154
FDDN_ASD594,785.637830114371,1800,102025,295.15,131,140,120,125,154
FDDN_ASD595,946.050388106506,2600,103127,299.15,131,140,120,125,154
FDDN_ASD596,1090.17980105698,3400,100323,295.15,131,140,120,125,154
FDDN_ASD597,787.7210716316,1800,103227,299.15,131,140,120,125,154
FDDN_ASD598,948.2018130442,2600,103027,299.15,131,140,120,125,154
FDDN_ASD599,1097.17842165487,3400,100423,298.15,131,140,120,125,154
FDDN_ASD600,788.070074165286,1800,101925,297.15,131,136,120,125,154
FDDN_ASD601,956.415831324545,2600,100423,298.15,131,136,120,125,154
FDDN_ASD602,1082.63814108535,3400,101224,294.15,131,136,120,125,154
FDDN_ASD603,792.312552950147,1800,100523,295.15,131,136,120,125,154
FDDN_ASD604,949.328107759242,2600,100924,294.15,131,136,120,125,154
FDDN_ASD605,1094.3481230989,3400,101124,299.15,131,136,120,125,154
FDDN_ASD606,780.19551300043,1800,102626,294.15,131,142,120,120,154
FDDN_ASD607,938.21332545129,2600,102626,294.15,131,142,120,120,154
FDDN_ASD608,1082.38184101144,3400,102326,298.15,131,142,120,120,154
FDDN_ASD609,783.409923393471,1800,102826,296.15,131,142,120,120,154
FDDN_ASD610,947.780691109204,2600,100924,294.15,131,142,120,120,154
FDDN_ASD611,1086.68964471056,3400,100523,294.15,131,142,120,120,154
FDDN_ASD612,787.856170288723,1800,102826,298.15,135,145,120,125,154
FDDN_ASD613,945.898063044232,2600,102125,295.15,135,145,120,125,154
FDDN_ASD614,1086.05052161256,3400,101425,295.15,135,145,120,125,154
FDDN_ASD615,789.123592767289,1800,101825,295.15,135,145,120,125,154
FDDN_ASD616,955.115904452689,2600,100523,295.15,135,145,120,125,154
FDDN_ASD617,1086.09408663191,3400,102125,296.15,135,145,120,125,154
FDDN_ASD618,784.030551604281,1800,102226,298.15,125,130,120,120,154
FDDN_ASD619,952.917573162129,2600,100423,299.15,125,130,120,120,154
FDDN_ASD620,1081.52914757876,3400,101725,298.15,125,130,120,120,154
FDDN_ASD621,784.650007056706,1800,102426,298.15,125,130,120,120,154
FDDN_ASD622,944.719976411236,2600,100824,294.15,125,130,120,120,154
FDDN_ASD623,1084.37212978953,3400,101224,297.15,125,130,120,120,154
FDDN_ASD624,791.881634392593,1800,101425,293.15,140,153,125,128,154
FDDN_ASD625,949.930175095664,2600,101925,293.15,140,153,125,128,154
FDDN_ASD626,1088.48444793856,3400,101625,293.15,140,153,125,128,154
FDDN_ASD627,800.358545568835,1800,100323,295.15,140,153,125,128,154
FDDN_ASD628,962.196617840969,2600,100724,296.15,140,153,125,128,154
FDDN_ASD629,1103.2424848155,3400,101324,299.15,140,153,125,128,154
FDDN_ASD630,779.106413805051,1800,103027,293.15,145,140,120,120,154
FDDN_ASD631,946.202626485164,2600,101024,293.15,145,140,120,120,154
FDDN_ASD632,1090.94976089339,3400,101525,299.15,145,140,120,120,154
FDDN_ASD633,792.290406309075,1800,100323,294.15,145,140,120,120,154
FDDN_ASD634,943.125187242588,2600,102726,295.15,145,140,120,120,154
FDDN_ASD635,1083.62012904058,3400,102226,296.15,145,140,120,120,154
FDDN_ASD636,766.81758402256,1800,102426,296.15,118,122,110,110,154
FDDN_ASD637,928.596726152204,2600,101024,296.15,118,122,110,110,154
FDDN_ASD638,1066.71219670758,3400,100924,298.15,118,122,110,110,154
FDDN_ASD639,768.634085049971,1800,102626,297.15,118,122,110,110,154
FDDN_ASD640,930.806978966144,2600,101224,297.15,118,122,110,110,154
FDDN_ASD641,1061.24141605918,3400,101625,296.15,118,122,110,110,154
FDDN_ASD642,792.190383716549,1800,100523,295.15,131,145,120,125,154
FDDN_ASD643,948.988696686297,2600,102326,298.15,131,145,120,125,154
FDDN_ASD644,1089.80725141522,3400,101925,299.15,131,145,120,125,154
FDDN_ASD645,796.797328018365,1800,100724,298.15,131,145,120,125,154
FDDN_ASD646,951.404078493175,2600,101825,297.15,131,145,120,125,154
FDDN_ASD647,1085.34432200712,3400,103127,299.15,131,145,120,125,154
FDDN_ASD648,791.409799233013,1800,101725,295.15,131,136,120,120,155
FDDN_ASD649,957.791454616381,2600,101124,297.15,131,136,120,120,155
FDDN_ASD650,1097.73761691606,3400,101124,298.15,131,136,120,120,155
FDDN_ASD651,793.466751345254,1800,101224,294.15,131,136,120,120,155
FDDN_ASD652,948.366316160826,2600,102125,293.15,131,136,120,120,155
FDDN_ASD653,1087.14504379433,3400,103127,297.15,131,136,120,120,155
FDDN_ASD654,790.346837743946,1800,101825,297.15,131,136,114,120,155
FDDN_ASD655,953.236480462571,2600,101224,297.15,131,136,114,120,155
FDDN_ASD656,1096.15978216809,3400,100223,297.15,131,136,114,120,155
FDDN_ASD657,796.347781830664,1800,101324,299.15,131,136,114,120,155
FDDN_ASD658,951.440506286674,2600,101625,296.15,131,136,114,120,155
FDDN_ASD659,1086.28851101789,3400,101725,295.15,131,136,114,120,155
FDDN_ASD660,804.642597491366,1800,102426,297.15,145,153,130,130,155
FDDN_ASD661,965.892996716176,2600,103127,298.15,145,153,130,130,155
FDDN_ASD662,1110.44292374478,3400,101124,295.15,145,153,130,130,155
FDDN_ASD663,817.31111948871,1800,100323,299.15,145,153,130,130,155
FDDN_ASD664,978.246602900935,2600,100924,298.15,145,153,130,130,155
FDDN_ASD665,1100.8432556355,3400,102926,294.15,145,153,130,130,155
FDDN_ASD666,794.73067813603,1800,102626,298.15,131,140,120,125,155
FDDN_ASD667,953.146052462271,2600,102826,297.15,131,140,120,125,155
FDDN_ASD668,1096.14971193414,3400,100423,293.15,131,140,120,125,155
FDDN_ASD669,803.411176707689,1800,101124,299.15,131,140,120,125,155
FDDN_ASD670,953.065418664679,2600,102526,295.15,131,140,120,125,155
FDDN_ASD671,1103.22255537338,3400,100523,296.15,131,140,120,125,155
FDDN_ASD672,791.064564981122,1800,102726,296.15,131,136,120,125,155
FDDN_ASD673,955.852681474779,2600,100724,293.15,131,136,120,125,155
FDDN_ASD674,1087.13412497753,3400,102626,295.15,131,136,120,125,155
FDDN_ASD675,792.30785320317,1800,102426,295.15,131,136,120,125,155
FDDN_ASD676,960.299622611458,2600,101525,297.15,131,136,120,125,155
FDDN_ASD677,1101.17619842853,3400,101425,298.15,131,136,120,125,155
FDDN_ASD678,802.861128126713,1800,100423,299.15,131,142,120,120,155
FDDN_ASD679,945.385834726974,2600,102626,293.15,131,142,120,120,155
FDDN_ASD680,1089.68210722382,3400,101825,295.15,131,142,120,120,155
FDDN_ASD681,795.204714523,1800,102726,299.15,131,142,120,120,155
FDDN_ASD682,956.541659608516,2600,102326,298.15,131,142,120,120,155
FDDN_ASD683,1087.36786257498,3400,102626,295.15,131,142,120,120,155
FDDN_ASD684,794.912943963899,1800,102926,298.15,135,145,120,125,155
FDDN_ASD685,963.951286352362,2600,101224,298.15,135,145,120,125,155
FDDN_ASD686,1093.52110469498,3400,102626,297.15,135,145,120,125,155
FDDN_ASD687,789.85190096852,1800,103227,294.15,135,145,120,125,155
FDDN_ASD688,967.617385678299,2600,100824,298.15,135,145,120,125,155
FDDN_ASD689,1103.32823254994,3400,101525,298.15,135,145,120,125,155
FDDN_ASD690,793.061082210969,1800,102125,299.15,125,130,120,120,155
FDDN_ASD691,945.241230666501,2600,102226,294.15,125,130,120,120,155
FDDN_ASD692,1082.27977105768,3400,103127,297.15,125,130,120,120,155
FDDN_ASD693,783.395650682354,1800,102926,293.15,125,130,120,120,155
FDDN_ASD694,948.376694656874,2600,101925,294.15,125,130,120,120,155
FDDN_ASD695,1083.01523578197,3400,102326,294.15,125,130,120,120,155
FDDN_ASD696,804.508579528429,1800,101525,297.15,140,153,125,128,155
FDDN_ASD697,973.23895250694,2600,100323,297.15,140,153,125,128,155
FDDN_ASD698,1109.41340223332,3400,100724,296.15,140,153,125,128,155
FDDN_ASD699,806.07399801447,1800,100824,295.15,140,153,125,128,155
FDDN_ASD700,957.024930423631,2600,102726,293.15,140,153,125,128,155
FDDN_ASD701,1097.11266607156,3400,103027,295.15,140,153,125,128,155
FDDN_ASD702,786.854605064086,1800,102926,293.15,145,140,120,120,155
FDDN_ASD703,959.287421645795,2600,100824,295.15,145,140,120,120,155
FDDN_ASD704,1104.64587003556,3400,100223,297.15,145,140,120,120,155
FDDN_ASD705,795.389163849961,1800,102125,296.15,145,140,120,120,155
FDDN_ASD706,958.645459444211,2600,101324,295.15,145,140,120,120,155
FDDN_ASD707,1098.1077149745,3400,102125,298.15,145,140,120,120,155
FDDN_ASD708,770.926237028785,1800,102125,293.15,118,122,110,110,155
FDDN_ASD709,931.528326086527,2600,103227,299.15,118,122,110,110,155
FDDN_ASD710,1055.15258761663,3400,103227,293.15,118,122,110,110,155
FDDN_ASD711,775.214689177298,1800,102025,295.15,118,122,110,110,155
FDDN_ASD712,937.638038531655,2600,101224,296.15,118,122,110,110,155
FDDN_ASD713,1068.87668005098,3400,102326,297.15,118,122,110,110,155
FDDN_ASD714,796.557210675234,1800,100624,293.15,131,145,120,125,155
FDDN_ASD715,955.781594007945,2600,103127,299.15,131,145,120,125,155
FDDN_ASD716,1099.76793450537,3400,100624,295.15,131,145,120,125,155
FDDN_ASD717,799.769115663487,1800,102226,299.15,131,145,120,125,155
FDDN_ASD718,959.881455513031,2600,102626,299.15,131,145,120,125,155
FDDN_ASD719,1104.8175733736,3400,101425,299.15,131,145,120,125,155
FDDN_ASD720,797.133966172289,1800,102125,295.15,131,136,120,120,156
FDDN_ASD721,957.628841339701,2600,101625,293.15,131,136,120,120,156
FDDN_ASD722,1093.25966984818,3400,102426,294.15,131,136,120,120,156
FDDN_ASD723,800.416534414004,1800,103027,299.15,131,136,120,120,156
FDDN_ASD724,956.586021382449,2600,102226,293.15,131,136,120,120,156
FDDN_ASD725,1107.65023793862,3400,101525,298.15,131,136,120,120,156
FDDN_ASD726,794.593729677236,1800,102226,296.15,131,136,114,120,156
FDDN_ASD727,959.801734597475,2600,101324,296.15,131,136,114,120,156
FDDN_ASD728,1094.77174963024,3400,100924,293.15,131,136,114,120,156
FDDN_ASD729,798.214545099481,1800,101324,295.15,131,136,114,120,156
FDDN_ASD730,966.191771113483,2600,101024,298.15,131,136,114,120,156
FDDN_ASD731,1104.58072762511,3400,100523,296.15,131,136,114,120,156
FDDN_ASD732,814.734064739011,1800,101124,295.15,145,153,130,130,156
FDDN_ASD733,972.221635477581,2600,103027,296.15,145,153,130,130,156
FDDN_ASD734,1107.76405622642,3400,102826,293.15,145,153,130,130,156
FDDN_ASD735,813.105654127554,1800,101224,293.15,145,153,130,130,156
FDDN_ASD736,977.848138403949,2600,102926,298.15,145,153,130,130,156
FDDN_ASD737,1113.99516992678,3400,102426,294.15,145,153,130,130,156
FDDN_ASD738,805.950524017623,1800,100624,295.15,131,140,120,125,156
FDDN_ASD739,966.661511269255,2600,101825,297.15,131,140,120,125,156
FDDN_ASD740,1103.69320806094,3400,101224,294.15,131,140,120,125,156
FDDN_ASD741,800.236588383122,1800,103127,297.15,131,140,120,125,156
FDDN_ASD742,969.609947982479,2600,101925,298.15,131,140,120,125,156
FDDN_ASD743,1111.80568040532,3400,101825,299.15,131,140,120,125,156
FDDN_ASD744,803.938720278054,1800,100624,294.15,131,136,120,125,156
FDDN_ASD745,962.107004776665,2600,102626,297.15,131,136,120,125,156
FDDN_ASD746,1104.62192785657,3400,101925,297.15,131,136,120,125,156
FDDN_ASD747,808.166117870986,1800,100624,296.15,131,136,120,125,156
FDDN_ASD748,966.01799989445,2600,102526,298.15,131,136,120,125,156
FDDN_ASD749,1104.93095379054,3400,101224,294.15,131,136,120,125,156
FDDN_ASD750,803.909516219366,1800,101324,297.15,131,142,120,120,156
FDDN_ASD751,957.312639118097,2600,102626,295.15,131,142,120,120,156
FDDN_ASD752,1103.98107256007,3400,101024,295.15,131,142,120,120,156
FDDN_ASD753,802.763917778019,1800,102326,298.15,131,142,120,120,156
FDDN_ASD754,966.86151253315,2600,101324,296.15,131,142,120,120,156
FDDN_ASD755,1115.57464674829,3400,100323,298.15,131,142,120,120,156
FDDN_ASD756,811.432630500629,1800,100624,298.15,135,145,120,125,156
FDDN_ASD757,978.389963929003,2600,100423,299.15,135,145,120,125,156
FDDN_ASD758,1118.11984897439,3400,100323,298.15,135,145,120,125,156
FDDN_ASD759,815.922298225156,1800,100223,299.15,135,145,120,125,156
FDDN_ASD760,965.010088280389,2600,101525,293.15,135,145,120,125,156
FDDN_ASD761,1118.88835419005,3400,100223,297.15,135,145,120,125,156
FDDN_ASD762,799.898546997732,1800,102226,299.15,125,130,120,120,156
FDDN_ASD763,955.723386201601,2600,101825,294.15,125,130,120,120,156
FDDN_ASD764,1089.50667653445,3400,102226,293.15,125,130,120,120,156
FDDN_ASD765,799.367566535054,1800,101024,294.15,125,130,120,120,156
FDDN_ASD766,954.66810612667,2600,102426,294.15,125,130,120,120,156
FDDN_ASD767,1092.82935586387,3400,103027,296.15,125,130,120,120,156
FDDN_ASD768,807.121885344256,1800,102426,296.15,140,153,125,128,156
FDDN_ASD769,974.367084862501,2600,101625,296.15,140,153,125,128,156
FDDN_ASD770,1112.60184697927,3400,102025,296.15,140,153,125,128,156
FDDN_ASD771,805.295322506775,1800,102926,295.15,140,153,125,128,156
FDDN_ASD772,983.707161862585,2600,100423,297.15,140,153,125,128,156
FDDN_ASD773,1115.72374431989,3400,102526,298.15,140,153,125,128,156
FDDN_ASD774,799.324759530728,1800,102626,296.15,145,140,120,120,156
FDDN_ASD775,965.738747387102,2600,101324,295.15,145,140,120,120,156
FDDN_ASD776,1111.11055794291,3400,101224,298.15,145,140,120,120,156
FDDN_ASD777,797.861741340109,1800,103027,295.15,145,140,120,120,156
FDDN_ASD778,971.079978739718,2600,100924,296.15,145,140,120,120,156
FDDN_ASD779,1108.8569308309,3400,101324,296.15,145,140,120,120,156
FDDN_ASD780,780.56191892161,1800,101725,294.15,118,122,110,110,156
FDDN_ASD781,938.670694064059,2600,101725,294.15,118,122,110,110,156
FDDN_ASD782,1069.84709491604,3400,102526,294.15,118,122,110,110,156
FDDN_ASD783,784.052092082623,1800,100824,293.15,118,122,110,110,156
FDDN_ASD784,933.433711827664,2600,103227,294.15,118,122,110,110,156
FDDN_ASD785,1081.35190469174,3400,100724,294.15,118,122,110,110,156
FDDN_ASD786,800.742377181165,1800,101425,293.15,131,145,120,125,156
FDDN_ASD787,972.519261613885,2600,101124,298.15,131,145,120,125,156
FDDN_ASD788,1097.90690865002,3400,102125,293.15,131,145,120,125,156
FDDN_ASD789,811.69248186867,1800,100423,297.15,131,145,120,125,156
FDDN_ASD790,972.382448236758,2600,101525,298.15,131,145,120,125,156
FDDN_ASD791,1110.06046818844,3400,102326,299.15,131,145,120,125,156
FDDN_ASD792,808.099712216296,1800,102526,299.15,131,136,120,120,157
FDDN_ASD793,976.475457812156,2600,100523,296.15,131,136,120,120,157
FDDN_ASD794,1108.21702789873,3400,101124,293.15,131,136,120,120,157
FDDN_ASD795,810.538515546784,1800,100924,295.15,131,136,120,120,157
FDDN_ASD796,973.245250268351,2600,101224,295.15,131,136,120,120,157
FDDN_ASD797,1109.87579760681,3400,102926,298.15,131,136,120,120,157
FDDN_ASD798,800.862837071946,1800,102426,296.15,131,136,114,120,157
FDDN_ASD799,958.636430024215,2600,102326,293.15,131,136,114,120,157
FDDN_ASD800,1107.87886431345,3400,101324,296.15,131,136,114,120,157
FDDN_ASD801,799.418026626849,1800,102125,293.15,131,136,114,120,157
FDDN_ASD802,958.249842471706,2600,103127,294.15,131,136,114,120,157
FDDN_ASD803,1104.68910771539,3400,102626,297.15,131,136,114,120,157
FDDN_ASD804,825.639285064693,1800,101324,298.15,145,153,130,130,157
FDDN_ASD805,991.994055981678,2600,101825,299.15,145,153,130,130,157
FDDN_ASD806,1124.60753880066,3400,101625,293.15,145,153,130,130,157
FDDN_ASD807,822.359873531999,1800,102526,298.15,145,153,130,130,157
FDDN_ASD808,994.326384966226,2600,100724,296.15,145,153,130,130,157
FDDN_ASD809,1121.55832540755,3400,102926,294.15,145,153,130,130,157
FDDN_ASD810,811.019153053579,1800,100824,294.15,131,140,120,125,157
FDDN_ASD811,974.53219955948,2600,100624,293.15,131,140,120,125,157
FDDN_ASD812,1126.93329737634,3400,100523,299.15,131,140,120,125,157
FDDN_ASD813,818.869085327252,1800,100624,298.15,131,140,120,125,157
FDDN_ASD814,974.384304479446,2600,101725,295.15,131,140,120,125,157
FDDN_ASD815,1115.49426296518,3400,100924,293.15,131,140,120,125,157
FDDN_ASD816,812.622520335896,1800,101625,298.15,131,136,120,125,157
FDDN_ASD817,981.060907487951,2600,100824,298.15,131,136,120,125,157
FDDN_ASD818,1102.62688096669,3400,102726,293.15,131,136,120,125,157
FDDN_ASD819,820.806660998873,1800,100323,299.15,131,136,120,125,157
FDDN_ASD820,982.558913437241,2600,100223,296.15,131,136,120,125,157
FDDN_ASD821,1119.30368848516,3400,102125,299.15,131,136,120,125,157
FDDN_ASD822,812.010351916566,1800,100423,295.15,131,142,120,120,157
FDDN_ASD823,967.780392254467,2600,102226,295.15,131,142,120,120,157
FDDN_ASD824,1107.97865170534,3400,103127,298.15,131,142,120,120,157
FDDN_ASD825,810.30094880151,1800,101224,295.15,131,142,120,120,157
FDDN_ASD826,978.030917193345,2600,101825,299.15,131,142,120,120,157
FDDN_ASD827,1124.42861604554,3400,100523,298.15,131,142,120,120,157
FDDN_ASD828,810.038070750521,1800,101425,294.15,135,145,120,125,157
FDDN_ASD829,972.882862587145,2600,101324,293.15,135,145,120,125,157
FDDN_ASD830,1105.19069159919,3400,103127,294.15,135,145,120,125,157
FDDN_ASD831,815.588660017213,1800,100423,294.15,135,145,120,125,157
FDDN_ASD832,980.953141052135,2600,100724,295.15,135,145,120,125,157
FDDN_ASD833,1107.30440552811,3400,103127,294.15,135,145,120,125,157
FDDN_ASD834,810.934246830785,1800,100223,296.15,125,130,120,120,157
FDDN_ASD835,960.860072123114,2600,103227,296.15,125,130,120,120,157
FDDN_ASD836,1107.07346323275,3400,102826,299.15,125,130,120,120,157
FDDN_ASD837,800.359158359882,1800,102926,295.15,125,130,120,120,157
FDDN_ASD838,973.346026687125,2600,101324,297.15,125,130,120,120,157
FDDN_ASD839,1111.27017562325,3400,101425,296.15,125,130,120,120,157
FDDN_ASD840,819.173605274359,1800,100924,295.15,140,153,125,128,157
FDDN_ASD841,978.055181303754,2600,102025,294.15,140,153,125,128,157
FDDN_ASD842,1129.01513221664,3400,101925,299.15,140,153,125,128,157
FDDN_ASD843,818.316730717344,1800,101525,295.15,140,153,125,128,157
FDDN_ASD844,994.097577261226,2600,100824,299.15,140,153,125,128,157
FDDN_ASD845,1125.67242375182,3400,102926,299.15,140,153,125,128,157
FDDN_ASD846,805.2207636441,1800,101925,293.15,145,140,120,120,157
FDDN_ASD847,972.214207251499,2600,102125,296.15,145,140,120,120,157
FDDN_ASD848,1105.04695382547,3400,103127,295.15,145,140,120,120,157
FDDN_ASD849,811.379798818341,1800,102125,297.15,145,140,120,120,157
FDDN_ASD850,976.795777697471,2600,100523,293.15,145,140,120,120,157
FDDN_ASD851,1123.3234166356,3400,100523,296.15,145,140,120,120,157
FDDN_ASD852,788.804224464492,1800,101324,294.15,118,122,110,110,157
FDDN_ASD853,944.38726431448,2600,102226,294.15,118,122,110,110,157
FDDN_ASD854,1075.57064095316,3400,102826,293.15,118,122,110,110,157
FDDN_ASD855,791.252778695069,1800,102426,298.15,118,122,110,110,157
FDDN_ASD856,946.242148430579,2600,103227,297.15,118,122,110,110,157
FDDN_ASD857,1097.26410091089,3400,100523,297.15,118,122,110,110,157
FDDN_ASD858,808.495162290981,1800,102326,296.15,131,145,120,125,157
FDDN_ASD859,981.293195980564,2600,101124,298.15,131,145,120,125,157
FDDN_ASD860,1111.23481774235,3400,102526,296.15,131,145,120,125,157
FDDN_ASD861,815.31581273481,1800,102025,299.15,131,145,120,125,157
FDDN_ASD862,984.415817149312,2600,100523,297.15,131,145,120,125,157
FDDN_ASD863,1116.79703448645,3400,102926,299.15,131,145,120,125,157
FDDN_ASD864,817.385188521431,1800,101625,298.15,131,136,120,120,158
FDDN_ASD865,974.577206731016,2600,102326,295.15,131,136,120,120,158
FDDN_ASD866,1121.77554058202,3400,100423,293.15,131,136,120,120,158
FDDN_ASD867,821.219969653187,1800,100724,297.15,131,136,120,120,158
FDDN_ASD868,984.706930958614,2600,100624,295.15,131,136,120,120,158
FDDN_ASD869,1132.35710559766,3400,100624,298.15,131,136,120,120,158
FDDN_ASD870,812.300856771476,1800,102326,299.15,131,136,114,120,158
FDDN_ASD871,977.89081887607,2600,100724,295.15,131,136,114,120,158
FDDN_ASD872,1123.00504511584,3400,100323,296.15,131,136,114,120,158
FDDN_ASD873,807.719546411451,1800,102826,296.15,131,136,114,120,158
FDDN_ASD874,976.663241292064,2600,102726,299.15,131,136,114,120,158
FDDN_ASD875,1125.75333902975,3400,101224,299.15,131,136,114,120,158
FDDN_ASD876,827.453966947093,1800,102025,296.15,145,153,130,130,158
FDDN_ASD877,994.933125488902,2600,102025,296.15,145,153,130,130,158
FDDN_ASD878,1137.21003943994,3400,101525,294.15,145,153,130,130,158
FDDN_ASD879,826.097652796222,1800,101725,293.15,145,153,130,130,158
FDDN_ASD880,996.27070468427,2600,101124,293.15,145,153,130,130,158
FDDN_ASD881,1136.70295276055,3400,102025,294.15,145,153,130,130,158
FDDN_ASD882,818.804368004036,1800,100323,293.15,131,140,120,125,158
FDDN_ASD883,977.669063041475,2600,103127,297.15,131,140,120,125,158
FDDN_ASD884,1115.88151830418,3400,102926,295.15,131,140,120,125,158
FDDN_ASD885,824.193004007299,1800,101425,299.15,131,140,120,125,158
FDDN_ASD886,982.773405902786,2600,101425,294.15,131,140,120,125,158
FDDN_ASD887,1134.52492022436,3400,101324,299.15,131,140,120,125,158
FDDN_ASD888,817.746851196165,1800,102125,298.15,131,136,120,125,158
FDDN_ASD889,983.820237203781,2600,102025,298.15,131,136,120,125,158
FDDN_ASD890,1131.75461537756,3400,100924,298.15,131,136,120,125,158
FDDN_ASD891,817.694331894856,1800,102526,298.15,131,136,120,125,158
FDDN_ASD892,978.33596532474,2600,102526,295.15,131,136,120,125,158
FDDN_ASD893,1136.24558912189,3400,100523,298.15,131,136,120,125,158
FDDN_ASD894,813.67944255078,1800,101425,294.15,131,142,120,120,158
FDDN_ASD895,980.861334839195,2600,100924,294.15,131,142,120,120,158
FDDN_ASD896,1120.91532822797,3400,102526,298.15,131,142,120,120,158
FDDN_ASD897,822.467252828374,1800,100323,296.15,131,142,120,120,158
FDDN_ASD898,994.53063456027,2600,100223,299.15,131,142,120,120,158
FDDN_ASD899,1120.66878821479,3400,102626,297.15,131,142,120,120,158
FDDN_ASD900,819.274787038872,1800,102626,299.15,135,145,120,125,158
FDDN_ASD901,988.717038725562,2600,100523,295.15,135,145,120,125,158
FDDN_ASD902,1128.53867898191,3400,102025,298.15,135,145,120,125,158
FDDN_ASD903,825.662998056021,1800,101425,299.15,135,145,120,125,158
FDDN_ASD904,986.901285605066,2600,101625,296.15,135,145,120,125,158
FDDN_ASD905,1134.57835515881,3400,100323,295.15,135,145,120,125,158
FDDN_ASD906,811.1256894641,1800,101925,296.15,125,130,120,120,158
FDDN_ASD907,971.115405973668,2600,102125,294.15,125,130,120,120,158
FDDN_ASD908,1126.2114179098,3400,100423,297.15,125,130,120,120,158
FDDN_ASD909,814.84905082699,1800,101725,297.15,125,130,120,120,158
FDDN_ASD910,985.110567877544,2600,101324,299.15,125,130,120,120,158
FDDN_ASD911,1131.06905078171,3400,100624,299.15,125,130,120,120,158
FDDN_ASD912,818.4695159194,1800,102926,295.15,140,153,125,128,158
FDDN_ASD913,1000.37424359208,2600,100624,298.15,140,153,125,128,158
FDDN_ASD914,1128.93425993163,3400,102025,294.15,140,153,125,128,158
FDDN_ASD915,833.859456562951,1800,100223,297.15,140,153,125,128,158
FDDN_ASD916,990.400189996185,2600,102025,295.15,140,153,125,128,158
FDDN_ASD917,1138.40349819052,3400,101425,296.15,140,153,125,128,158
FDDN_ASD918,819.167507018846,1800,101925,298.15,145,140,120,120,158
FDDN_ASD919,976.00604153957,2600,102426,294.15,145,140,120,120,158
FDDN_ASD920,1124.16323184886,3400,100724,293.15,145,140,120,120,158
FDDN_ASD921,821.68246397412,1800,100323,294.15,145,140,120,120,158
FDDN_ASD922,984.145406763541,2600,101124,294.15,145,140,120,120,158
FDDN_ASD923,1126.31209229858,3400,100724,293.15,145,140,120,120,158
FDDN_ASD924,799.36931395251,1800,100323,294.15,118,122,110,110,158
FDDN_ASD925,962.034398160354,2600,101525,298.15,118,122,110,110,158
FDDN_ASD926,1104.4072244349,3400,100523,297.15,118,122,110,110,158
FDDN_ASD927,795.408976613499,1800,102025,295.15,118,122,110,110,158
FDDN_ASD928,963.592171854319,2600,101224,297.15,118,122,110,110,158
FDDN_ASD929,1096.79942093045,3400,102626,298.15,118,122,110,110,158
FDDN_ASD930,816.132974092055,1800,103227,299.15,131,145,120,125,158
FDDN_ASD931,979.871768099841,2600,101825,294.15,131,145,120,125,158
FDDN_ASD932,1119.66218452247,3400,102426,295.15,131,145,120,125,158
FDDN_ASD933,825.468693803827,1800,100624,297.15,131,145,120,125,158
FDDN_ASD934,986.061860048966,2600,101625,296.15,131,145,120,125,158
FDDN_ASD935,1125.62194282275,3400,102426,297.15,131,145,120,125,158
FDDN_ASD936,824.926260656814,1800,101825,299.15,131,136,120,120,159
FDDN_ASD937,990.09267064954,2600,101525,297.15,131,136,120,120,159
FDDN_ASD938,1121.50137814769,3400,102526,294.15,131,136,120,120,159
FDDN_ASD939,816.188611780044,1800,103027,295.15,131,136,120,120,159
FDDN_ASD940,980.248297203013,2600,102926,294.15,131,136,120,120,159
FDDN_ASD941,1125.10841160283,3400,101925,293.15,131,136,120,120,159
FDDN_ASD942,818.095594210635,1800,101224,295.15,131,136,114,120,159
FDDN_ASD943,983.249066256813,2600,101324,295.15,131,136,114,120,159
FDDN_ASD944,1125.95607194724,3400,101825,297.15,131,136,114,120,159
FDDN_ASD945,821.166995012825,1800,101525,297.15,131,136,114,120,159
FDDN_ASD946,977.87932725703,2600,102125,293.15,131,136,114,120,159
FDDN_ASD947,1136.39520393026,3400,101024,299.15,131,136,114,120,159
FDDN_ASD948,837.481292192841,1800,101024,295.15,145,153,130,130,159
FDDN_ASD949,999.09031852472,2600,102626,295.15,145,153,130,130,159
FDDN_ASD950,1141.33071655173,3400,102226,293.15,145,153,130,130,159
FDDN_ASD951,828.936679296981,1800,102826,293.15,145,153,130,130,159
FDDN_ASD952,1016.84709422344,2600,100824,299.15,145,153,130,130,159
FDDN_ASD953,1161.62561836256,3400,101124,299.15,145,153,130,130,159
FDDN_ASD954,825.018712840531,1800,100523,293.15,131,140,120,125,159
FDDN_ASD955,987.568385892196,2600,102125,295.15,131,140,120,125,159
FDDN_ASD956,1136.37689753373,3400,102326,299.15,131,140,120,125,159
FDDN_ASD957,832.810248306555,1800,100724,298.15,131,140,120,125,159
FDDN_ASD958,989.056292449775,2600,101525,293.15,131,140,120,125,159
FDDN_ASD959,1144.05671118456,3400,101024,298.15,131,140,120,125,159
FDDN_ASD960,823.797689482394,1800,102025,297.15,131,136,120,125,159
FDDN_ASD961,996.657685711551,2600,101124,298.15,131,136,120,125,159
FDDN_ASD962,1139.94361526617,3400,101525,299.15,131,136,120,125,159
FDDN_ASD963,824.640027599806,1800,101525,295.15,131,136,120,125,159
FDDN_ASD964,982.456960289431,2600,102726,293.15,131,136,120,125,159
FDDN_ASD965,1137.12984087912,3400,100724,294.15,131,136,120,125,159
FDDN_ASD966,823.535013260605,1800,102426,299.15,131,142,120,120,159
FDDN_ASD967,990.255789356828,2600,102426,299.15,131,142,120,120,159
FDDN_ASD968,1139.23323871888,3400,100624,297.15,131,142,120,120,159
FDDN_ASD969,825.094348020039,1800,100724,294.15,131,142,120,120,159
FDDN_ASD970,992.629649012965,2600,102326,299.15,131,142,120,120,159
FDDN_ASD971,1131.87639163123,3400,102326,297.15,131,142,120,120,159
FDDN_ASD972,822.853691020297,1800,101425,293.15,135,145,120,125,159
FDDN_ASD973,999.287040528028,2600,101124,298.15,135,145,120,125,159
FDDN_ASD974,1124.50325872849,3400,103127,294.15,135,145,120,125,159
FDDN_ASD975,820.782550170591,1800,103027,295.15,135,145,120,125,159
FDDN_ASD976,998.699313163687,2600,100624,295.15,135,145,120,125,159
FDDN_ASD977,1128.90249145782,3400,102726,294.15,135,145,120,125,159
FDDN_ASD978,820.321729945698,1800,100323,293.15,125,130,120,120,159
FDDN_ASD979,976.00061113236,2600,102826,294.15,125,130,120,120,159
FDDN_ASD980,1132.47614360035,3400,100323,295.15,125,130,120,120,159
FDDN_ASD981,810.256703148165,1800,103227,293.15,125,130,120,120,159
FDDN_ASD982,986.127293318565,2600,101124,294.15,125,130,120,120,159
FDDN_ASD983,1126.759081465,3400,102426,297.15,125,130,120,120,159
FDDN_ASD984,841.486281630359,1800,100423,299.15,140,153,125,128,159
FDDN_ASD985,1001.84139272182,2600,102426,299.15,140,153,125,128,159
FDDN_ASD986,1145.61570199436,3400,102526,299.15,140,153,125,128,159
FDDN_ASD987,826.421535637521,1800,103127,295.15,140,153,125,128,159
FDDN_ASD988,1012.66234545894,2600,100323,298.15,140,153,125,128,159
FDDN_ASD989,1140.21668050089,3400,102526,295.15,140,153,125,128,159
FDDN_ASD990,834.652273075077,1800,100223,299.15,145,140,120,120,159
FDDN_ASD991,987.247159209891,2600,102526,296.15,145,140,120,120,159
FDDN_ASD992,1136.25828026685,3400,102326,299.15,145,140,120,120,159
FDDN_ASD993,831.655918109726,1800,101324,299.15,145,140,120,120,159
FDDN_ASD994,984.103558842745,2600,103227,295.15,145,140,120,120,159
FDDN_ASD995,1133.27353937658,3400,102926,298.15,145,140,120,120,159
FDDN_ASD996,809.87127346869,1800,101024,299.15,118,122,110,110,159
FDDN_ASD997,961.905815004511,2600,101825,294.15,118,122,110,110,159
FDDN_ASD998,1110.46951273838,3400,101725,299.15,118,122,110,110,159
FDDN_ASD999,800.002783726046,1800,101825,293.15,118,122,110,110,159
FDDN_ASD1000,971.834351331956,2600,101825,299.15,118,122,110,110,159
FDDN_ASD1001,1108.17038287551,3400,102526,299.15,118,122,110,110,159
FDDN_ASD1002,830.916093395022,1800,101324,299.15,131,145,120,125,159
FDDN_ASD1003,997.247740348883,2600,101024,297.15,131,145,120,125,159
FDDN_ASD1004,1137.77346394181,3400,100223,293.15,131,145,120,125,159
FDDN_ASD1005,823.641865246656,1800,102826,297.15,131,145,120,125,159
FDDN_ASD1006,984.900850760345,2600,102926,294.15,131,145,120,125,159
FDDN_ASD1007,1134.73755614286,3400,102526,297.15,131,145,120,125,159
FDDN_ASD1008,828.797066926969,1800,102226,298.15,131,136,120,120,160
FDDN_ASD1009,1007.16917786505,2600,100423,299.15,131,136,120,120,160
FDDN_ASD1010,1136.36498375761,3400,101525,294.15,131,136,120,120,160
FDDN_ASD1011,829.205105172994,1800,102526,298.15,131,136,120,120,160
FDDN_ASD1012,1007.4752488606,2600,100423,298.15,131,136,120,120,160
FDDN_ASD1013,1148.06948071362,3400,101224,298.15,131,136,120,120,160
FDDN_ASD1014,825.58722007053,1800,101725,297.15,131,136,114,120,160
FDDN_ASD1015,995.793501092467,2600,100423,295.15,131,136,114,120,160
FDDN_ASD1016,1141.5928746833,3400,101024,298.15,131,136,114,120,160
FDDN_ASD1017,824.758668282697,1800,101625,295.15,131,136,114,120,160
FDDN_ASD1018,999.075403138986,2600,100824,297.15,131,136,114,120,160
FDDN_ASD1019,1134.20306951209,3400,101024,293.15,131,136,114,120,160
FDDN_ASD1020,834.621172061913,1800,103127,294.15,145,153,130,130,160
FDDN_ASD1021,1009.93819487635,2600,101825,294.15,145,153,130,130,160
FDDN_ASD1022,1158.73861167712,3400,101925,296.15,145,153,130,130,160
FDDN_ASD1023,844.221952717041,1800,102926,299.15,145,153,130,130,160
FDDN_ASD1024,1019.38257623767,2600,101725,298.15,145,153,130,130,160
FDDN_ASD1025,1165.86105653795,3400,100423,294.15,145,153,130,130,160
FDDN_ASD1026,828.726600192266,1800,103027,298.15,131,140,120,125,160
FDDN_ASD1027,999.483550866137,2600,101725,296.15,131,140,120,125,160
FDDN_ASD1028,1143.15575231763,3400,102125,297.15,131,140,120,125,160
FDDN_ASD1029,835.937572226204,1800,101324,297.15,131,140,120,125,160
FDDN_ASD1030,1008.99953890786,2600,100223,296.15,131,140,120,125,160
FDDN_ASD1031,1138.86313860356,3400,101925,293.15,131,140,120,125,160
FDDN_ASD1032,826.927824820624,1800,101925,294.15,131,136,120,125,160
FDDN_ASD1033,1001.70705078361,2600,102125,299.15,131,136,120,125,160
FDDN_ASD1034,1154.02323679739,3400,100724,299.15,131,136,120,125,160
FDDN_ASD1035,829.536341262905,1800,102025,295.15,131,136,120,125,160
FDDN_ASD1036,1004.62411224795,2600,100924,296.15,131,136,120,125,160
FDDN_ASD1037,1147.2023613012,3400,100624,294.15,131,136,120,125,160
FDDN_ASD1038,829.013794466365,1800,102426,298.15,131,142,120,120,160
FDDN_ASD1039,1002.16099103029,2600,100323,295.15,131,142,120,120,160
FDDN_ASD1040,1136.64811121299,3400,101725,294.15,131,142,120,120,160
FDDN_ASD1041,831.00943781993,1800,100624,293.15,131,142,120,120,160
FDDN_ASD1042,997.741339203294,2600,100924,293.15,131,142,120,120,160
FDDN_ASD1043,1144.07127972777,3400,102526,299.15,131,142,120,120,160
FDDN_ASD1044,831.926667077935,1800,102626,298.15,135,145,120,125,160
FDDN_ASD1045,995.264807394764,2600,101925,293.15,135,145,120,125,160
FDDN_ASD1046,1149.11768026161,3400,102125,299.15,135,145,120,125,160
FDDN_ASD1047,834.189301393036,1800,102125,297.15,135,145,120,125,160
FDDN_ASD1048,1003.96798412166,2600,102626,299.15,135,145,120,125,160
FDDN_ASD1049,1150.86411808365,3400,102226,299.15,135,145,120,125,160
FDDN_ASD1050,827.043926893394,1800,101024,295.15,125,130,120,120,160
FDDN_ASD1051,997.228219975547,2600,101825,299.15,125,130,120,120,160
FDDN_ASD1052,1129.7148113436,3400,102125,294.15,125,130,120,120,160
FDDN_ASD1053,830.52670117953,1800,100924,296.15,125,130,120,120,160
FDDN_ASD1054,985.052993818027,2600,103027,294.15,125,130,120,120,160
FDDN_ASD1055,1131.71640590925,3400,102526,295.15,125,130,120,120,160
FDDN_ASD1056,849.558484704355,1800,100223,299.15,140,153,125,128,160
FDDN_ASD1057,996.8109246387,2600,103127,293.15,140,153,125,128,160
FDDN_ASD1058,1154.56097489018,3400,102326,298.15,140,153,125,128,160
FDDN_ASD1059,847.727801725806,1800,100724,298.15,140,153,125,128,160
FDDN_ASD1060,1006.83776517158,2600,102526,296.15,140,153,125,128,160
FDDN_ASD1061,1147.15680667458,3400,103027,295.15,140,153,125,128,160
FDDN_ASD1062,829.158841778184,1800,102226,296.15,145,140,120,120,160
FDDN_ASD1063,998.733895603771,2600,101525,295.15,145,140,120,120,160
FDDN_ASD1064,1139.38830414281,3400,103127,298.15,145,140,120,120,160
FDDN_ASD1065,826.506687325475,1800,102926,295.15,145,140,120,120,160
FDDN_ASD1066,998.996378230306,2600,101525,294.15,145,140,120,120,160
FDDN_ASD1067,1152.58548896992,3400,101525,299.15,145,140,120,120,160
FDDN_ASD1068,816.332222790705,1800,101024,299.15,118,122,110,110,160
FDDN_ASD1069,964.557579918676,2600,103227,295.15,118,122,110,110,160
FDDN_ASD1070,1121.28463169577,3400,101024,298.15,118,122,110,110,160
FDDN_ASD1071,806.179036186145,1800,102226,294.15,118,122,110,110,160
FDDN_ASD1072,972.297188105052,2600,102326,296.15,118,122,110,110,160
FDDN_ASD1073,1103.55444345924,3400,102926,293.15,118,122,110,110,160
FDDN_ASD1074,828.78111627433,1800,102526,296.15,131,145,120,125,160
FDDN_ASD1075,997.47686435933,2600,102326,296.15,131,145,120,125,160
FDDN_ASD1076,1157.80776682995,3400,100423,299.15,131,145,120,125,160
FDDN_ASD1077,835.823484054786,1800,102226,299.15,131,145,120,125,160
FDDN_ASD1078,999.963001674044,2600,102226,296.15,131,145,120,125,160
FDDN_ASD1079,1145.89090673473,3400,102926,299.15,131,145,120,125,160
